aa,smiles,residue_smiles,alpha_carbon_stereo,n-methylation
A,C[C@H](N)C(=O)O,C[C@H](N)C=O,L,False
dA,C[C@@H](N)C(=O)O,C[C@@H](N)C=O,D,False
meA,CN[C@@H](C)C(=O)O,C[C@H](N(C))C=O,L,True
Me_dA,CN[C@H](C)C(=O)O,C[C@@H](N(C))C=O,D,True
Ala(tBu),CC(C)(C)C[C@H](N)C(=O)O,CC(C)(C)C[C@H](N)C=O,L,False
Ala(indol-2-yl),N[C@@H](Cc1cc2ccccc2[nH]1)C(=O)O,N[C@@H](Cc1cc2ccccc2[nH]1)C=O,D,False
dAla(indol-2-yl),N[C@H](Cc1cc2ccccc2[nH]1)C(=O)O,N[C@H](Cc1cc2ccccc2[nH]1)C=O,D,False
Me_Ala(indol-2-yl),CN[C@@H](Cc1cc2ccccc2[nH]1)C(=O)O,CN[C@@H](Cc1cc2ccccc2[nH]1)C=O,D,True
Ala(5-Tet),N[C@@H](Cc1nnn[nH]1)C(=O)O,N[C@@H](Cc1nnn[nH]1)C=O,L,False
Abu,CC[C@H](N)C(=O)O,CC[C@H](N)C=O,L,False
dAbu,CC[C@@H](N)C(=O)O,CC[C@@H](N)C=O,D,False
Me_Abu,CC[C@H](NC)C(=O)O,CC[C@H](N(C))C=O,L,True
Me_dAbu,CC[C@@H](NC)C(=O)O,CC[C@H](C=O)N(C),D,True
Me_Abu(morpholino),CN[C@@H](CCN1CCOCC1)C(=O)O,CN[C@@H](CCN1CCOCC1)C=O,L,True
2Abz,Nc1ccccc1C(=O)O,Nc1ccccc1C=O,L,False
Aib,CC(C)(N)C(=O)O,CC(C)(N)C=O,L,False
Aoc(2),CCCCCC[C@H](N)C(=O)O,CCCCCC[C@H](N)C=O,L,False
5-Ava,NCCCCC(=O)O,NCCCCC=O,L,False
Bal,NCCC(=O)O,NCCC=O,L,False
Me_Bal,CNCCC(=O)O,CNCCC=O,L,True
HOCOCH2_Bal,O=C(O)CCNCC(=O)O,N(CCC(=O)O)CC=O,L,False
C,N[C@@H](CS)C(=O)O,N[C@H](C=O)CS,L,False
dC,N[C@H](CS)C(=O)O,N[C@@H](C=O)CS,D,False
meC,CN[C@@H](CS)C(=O)O,CN[C@H](C=O)CS,L,True
Me_dC,CN[C@H](CS)C(=O)O,CN[C@@H](C=O)CS,D,True
Cys(EtO2H)_NH2,NC(=O)[C@@H](N)CSCC(=O)O,N[C@@H](CSCC=O)C(N)=O,L,False
Cha,N[C@@H](CC1CCCCC1)C(=O)O,N[C@@H](CC1CCCCC1)C=O,L,False
dCha,N[C@H](CC1CCCCC1)C(=O)O,N[C@H](CC1CCCCC1)C=O,D,False
Me_Cha,CN[C@@H](CC1CCCCC1)C(=O)O,CN[C@@H](CC1CCCCC1)C=O,L,True
D,N[C@@H](CC(=O)O)C(=O)O,N[C@H](C=O)CC(=O)O,L,False
meD,CN[C@@H](CC(=O)O)C(=O)O,CN[C@@H](CC=O)C=O,D,True
Asp_piperidide,N[C@@H](CC(=O)O)C(=O)N1CCCCC1,N[C@@H](CC=O)C(=O)N1CCCCC1,D,False
Asp(OMe),COC(=O)C[C@H](N)C(=O)O,COC(=O)C[C@H](N)C=O,L,True
Asp(Ph(2-NH2)),Nc1ccccc1C(=O)C[C@H](N)C(=O)O,N[C@@H](CC(=O)c1ccccc1N)C=O,L,False
dAsp(pyrrol-1-yl),N[C@H](CC(=O)N1CCCC1)C(=O)O,N[C@H](CC(=O)N1CCCC1)C=O,D,False
E,N[C@@H](CCC(=O)O)C(=O)O,N[C@H](C=O)CCC(=O)O,L,False
Glu_NH2,NC(=O)[C@@H](N)CCC(=O)O,N[C@@H](CCC=O)C(N)=O,L,False
Glu(3R-Me),C[C@H](CC(=O)O)[C@H](N)C(=O)O,C[C@H](CC(=O)O)[C@H](N)C=O,L,True
Glu(OMe),COC(=O)CC[C@H](N)C(=O)O,COC(=O)CC[C@H](N)C=O,L,True
dGlu(OMe),COC(=O)CC[C@@H](N)C(=O)O,COC(=O)CC[C@@H](N)C=O,D,True
F,N[C@@H](Cc1ccccc1)C(=O)O,N[C@@H](Cc1ccccc1)C=O,L,False
dF,N[C@H](Cc1ccccc1)C(=O)O,N[C@H](Cc1ccccc1)C=O,D,False
meF,CN[C@@H](Cc1ccccc1)C(=O)O,CN[C@@H](Cc1ccccc1)C=O,L,True
Me_dF,CN[C@H](Cc1ccccc1)C(=O)O,CN[C@H](Cc1ccccc1)C=O,D,True
Me_dQ,CN[C@H](CCC(N)=O)C(=O)O,CN[C@@H](C=O)CCC(N)=O,D,True
Phe(4-F),N[C@@H](Cc1ccc(F)cc1)C(=O)O,Fc1ccc(C[C@H](N)C=O)cc1,L,False
dPhe(4-F),N[C@H](Cc1ccc(F)cc1)C(=O)O,Fc1ccc(C[C@@H](N)C=O)cc1,D,False
Phe(4-CF3),N[C@@H](Cc1ccc(C(F)(F)F)cc1)C(=O)O,FC(F)(F)c1ccc(C[C@H](N)C=O)cc1,L,False
Phe(4-NO2),N[C@@H](Cc1ccc([N+](=O)[O-])cc1)C(=O)O,N[C@@H](Cc1ccc(cc1)N(=O)=O)C=O,L,False
Phe(CHF2),N[C@@H](Cc1ccc(C(F)F)cc1)C(=O)O,N[C@@H](Cc1ccc(C(F)F)cc1)C=O,L,False
"dPhe(3,4-diF)",N[C@H](Cc1ccc(F)c(F)c1)C(=O)O,Fc1ccc(C[C@@H](N)C=O)cc1F,D,False
Et_Phe,CCN[C@@H](Cc1ccccc1)C(=O)O,CCN[C@@H](Cc1ccccc1)C=O,L,False
H2NEt_Phe,NCCN[C@@H](Cc1ccccc1)C(=O)O,NCCN[C@@H](Cc1ccccc1)C=O,L,False
Me_Phe(3-Cl),CN[C@@H](Cc1cccc(Cl)c1)C(=O)O,CN[C@@H](Cc1cccc(Cl)c1)C=O,L,True
Me_Phe(4-Cl),CN[C@@H](Cc1ccc(Cl)cc1)C(=O)O,CN[C@@H](Cc1ccc(Cl)cc1)C=O,L,True
"Me_Phe(a,b-dehydro)",CN/C(=C\c1ccccc1)C(=O)O,CN/C(=C\c1ccccc1)C=O,D,True
G,NCC(=O)O,NCC=O,L,False
Bn_Gly,O=C(O)CNCc1ccccc1,N(CC=O)Cc1ccccc1,L,False
Bn(4-Cl)_Gly,O=C(O)CNCc1ccc(Cl)cc1,N(CC=O)Cc1ccc(Cl)cc1,L,False
Bn(4-OH)_Gly,O=C(O)CNCc1ccc(O)cc1,Oc1ccc(CNCC=O)cc1,L,False
Bu_Gly,CCCCNCC(=O)O,CCCCNCC=O,L,False
iBu_Gly,CC(C)CNCC(=O)O,CC(C)CNCC=O,L,False
Et_Gly,CCNCC(=O)O,CCNCC=O,L,False
EtOEt_Gly,CCOCCNCC(=O)O,CCOCCNCC=O,L,False
HOCOCH2_Gly_ol,O=C(O)CNCCO,N(CCO)CC=O,L,False
MeOEt_Gly,COCCNCC(=O)O,COCCNCC=O,L,True
NH2Bu_Gly,NCCCCNCC(=O)O,N(CCCCN)CC=O,L,False
Pr_Gly,CCCNCC(=O)O,CCCNCC=O,L,False
PhEt_Gly,O=C(O)CNCCc1ccccc1,N(CCc1ccccc1)CC=O,L,False
PhPr_Gly,O=C(O)CNCCCc1ccccc1,N(CCCc1ccccc1)CC=O,L,False
cHexCH2_Gly,O=C(O)CNCC1CCCCC1,N(CC1CCCCC1)CC=O,L,False
isoamyl_Gly,CC(C)CCNCC(=O)O,CC(C)CCNCC=O,L,False
pentyl_Gly,CCCCCNCC(=O)O,CCCCCNCC=O,L,False
3-pyridylethyl_Gly,O=C(O)CNCCc1cccnc1,N(CCc1cccnc1)CC=O,D,False
2-pyridylmethyl_Gly,O=C(O)CNCc1ccccn1,N(CC=O)Cc1ccccn1,D,True
H,N[C@@H](Cc1c[nH]cn1)C(=O)O,N[C@@H](Cc1c[nH]cn1)C=O,L,False
Hph,N[C@@H](CCc1ccccc1)C(=O)O,N[C@@H](CCc1ccccc1)C=O,L,False
Me_Hph,CN[C@@H](CCc1ccccc1)C(=O)O,CN[C@@H](CCc1ccccc1)C=O,L,True
bHph,N[C@H](CC(=O)O)Cc1ccccc1,N[C@H](CC=O)Cc1ccccc1,L,False
Hph(2-Cl),N[C@@H](CCc1ccccc1Cl)C(=O)O,N[C@@H](CCc1ccccc1Cl)C=O,L,False
Hph(3-Cl),N[C@@H](CCc1cccc(Cl)c1)C(=O)O,N[C@@H](CCc1cccc(Cl)c1)C=O,L,False
Hph(4-Cl),N[C@@H](CCc1ccc(Cl)cc1)C(=O)O,N[C@@H](CCc1ccc(Cl)cc1)C=O,L,False
Hse(Et),CCOCC[C@H](N)C(=O)O,CCOCC[C@H](N)C=O,L,False
dHyp,O=C(O)[C@H]1C[C@H](O)CN1,O[C@H]1C[C@@H](NC1)C=O,D,False
Hyp(Et),CCO[C@H]1CN[C@H](C(=O)O)C1,CCO[C@@H]1C[C@@H](C=O)NC1,L,False
I,CC[C@H](C)[C@H](N)C(=O)O,CC[C@H](C)[C@H](N)C=O,L,False
dI,CC[C@@H](C)[C@@H](N)C(=O)O,CC[C@@H](C)[C@@H](N)C=O,D,False
meI,CC[C@H](C)[C@H](NC)C(=O)O,CC[C@H](C)[C@H](N(C))C=O,L,True
Me_dI,CC[C@@H](C)[C@@H](NC)C(=O)O,CC[C@@H](C)[C@@H](N(C))C=O,D,True
K,NCCCC[C@H](N)C(=O)O,N[C@@H](CCCCN)C=O,L,False
dK,NCCCC[C@@H](N)C(=O)O,N[C@H](CCCCN)C=O,D,False
meK,CN[C@@H](CCCCN)C(=O)O,CN[C@@H](CCCCN)C=O,L,True
Me_dK,CN[C@H](CCCCN)C(=O)O,CN[C@H](CCCCN)C=O,D,True
Lys(Ac),CC(=O)NCCCC[C@H](N)C(=O)O,CC(=O)NCCCC[C@H](N)C=O,L,False
Lys(Cbz),N[C@@H](CCCCNC(=O)OCc1ccccc1)C(=O)O,N[C@@H](CCCCNC(=O)OCc1ccccc1)C=O,L,False
Lys(iPr),CC(C)NCCCC[C@H](N)C(=O)O,CC(C)NCCCC[C@H](N)C=O,L,False
Lys(Me),CNCCCC[C@H](N)C(=O)O,CNCCCC[C@H](N)C=O,L,True
Me_Lys(Me),CNCCCC[C@H](NC)C(=O)O,CNCCCC[C@H](N(C))C=O,L,True
Lys(Me2),CN(C)CCCC[C@H](N)C(=O)O,CN(C)CCCC[C@H](N)C=O,L,True
Lys(Tfa),N[C@@H](CCCCNC(=O)C(F)(F)F)C(=O)O,N[C@@H](CCCCNC(=O)C(F)(F)F)C=O,L,False
L,CC(C)C[C@H](N)C(=O)O,CC(C)C[C@H](N)C=O,L,False
dL,CC(C)C[C@@H](N)C(=O)O,CC(C)C[C@@H](N)C=O,D,False
meL,CN[C@@H](CC(C)C)C(=O)O,CC(C)C[C@H](N(C))C=O,L,True
Me_dL,CN[C@H](CC(C)C)C(=O)O,CC(C)C[C@@H](N(C))C=O,D,True
aMeLeu,CC(C)C[C@](C)(N)C(=O)O,CC(C)C[C@](C)(N)C=O,L,True
dLeu(3R-OH),CC(C)[C@@H](O)[C@@H](N)C(=O)O,CC(C)[C@@H](O)[C@@H](N)C=O,D,False
M,CSCC[C@H](N)C(=O)O,CSCC[C@H](N)C=O,L,False
meM,CN[C@@H](CCSC)C(=O)O,CSCC[C@@H](C=O)N(C),L,True
Met(O2),CS(=O)(=O)CC[C@H](N)C(=O)O,CS(=O)(=O)CC[C@H](N)C=O,L,True
N,NC(=O)C[C@H](N)C(=O)O,NC(=O)C[C@H](N)C=O,L,False
dN,NC(=O)C[C@@H](N)C(=O)O,NC(=O)C[C@@H](N)C=O,D,False
meN,CN[C@@H](CC(N)=O)C(=O)O,CN[C@@H](CC(N)=O)C=O,L,True
Me_dN,CN[C@H](CC(N)=O)C(=O)O,NC(=O)C[C@@H](N(C))C=O,D,True
dAsn(Me2),CN(C)C(=O)C[C@@H](N)C(=O)O,CN(C)C(=O)C[C@@H](N)C=O,D,True
Nal,N[C@@H](Cc1ccc2ccccc2c1)C(=O)O,N[C@@H](Cc1ccc2ccccc2c1)C=O,L,False
1-Nal,N[C@@H](Cc1cccc2ccccc12)C(=O)O,N[C@@H](Cc1cccc2ccccc12)C=O,L,False
d1-Nal,N[C@H](Cc1cccc2ccccc12)C(=O)O,N[C@H](Cc1cccc2ccccc12)C=O,D,False
Nle,CCCC[C@H](N)C(=O)O,CCCC[C@H](N)C=O,L,False
Me_Nle,CCCC[C@H](NC)C(=O)O,CCCC[C@H](N(C))C=O,L,True
Me_dNle,CCCC[C@@H](NC)C(=O)O,CCCC[C@H](C=O)N(C),D,True
Nle(CHF2),N[C@@H](CCCCC(F)F)C(=O)O,N[C@@H](CCCCC(F)F)C=O,L,False
Nle(OH),N[C@@H](CCCCO)C(=O)O,N[C@@H](CCCCO)C=O,L,False
Nva,CCC[C@H](N)C(=O)O,CCC[C@H](N)C=O,L,False
dNva,CCC[C@@H](N)C(=O)O,CCC[C@@H](N)C=O,D,False
Me_Nva,CCC[C@H](NC)C(=O)O,CCC[C@H](N(C))C=O,L,True
Me_dNva,CCC[C@@H](NC)C(=O)O,CCC[C@@H](N(C))C=O,D,True
Nva(Ph),N[C@@H](CCCc1ccccc1)C(=O)O,N[C@@H](CCCc1ccccc1)C=O,L,False
Orn,NCCC[C@H](N)C(=O)O,N[C@@H](CCCN)C=O,L,False
P,O=C(O)[C@@H]1CCCN1,N1CCC[C@H]1C=O,L,False
dP,O=C(O)[C@H]1CCCN1,N1CCC[C@@H]1C=O,D,False
3Pal,N[C@@H](Cc1cccnc1)C(=O)O,N[C@@H](Cc1cccnc1)C=O,L,False
4Pal,N[C@@H](Cc1ccncc1)C(=O)O,N[C@@H](Cc1ccncc1)C=O,L,False
Phg,N[C@H](C(=O)O)c1ccccc1,N[C@H](C=O)c1ccccc1,L,False
Pip,O=C(O)[C@@H]1CCCCN1,N1CCCC[C@H]1C=O,L,False
dPip,O=C(O)[C@H]1CCCCN1,N1CCCC[C@@H]1C=O,D,False
Pye,N[C@@H](CCC(=O)N1CCCC1)C(=O)O,N[C@@H](CCC(=O)N1CCCC1)C=O,L,False
dPye,N[C@H](CCC(=O)N1CCCC1)C(=O)O,N[C@H](CCC(=O)N1CCCC1)C=O,D,False
Q,NC(=O)CC[C@H](N)C(=O)O,NC(=O)CC[C@H](N)C=O,L,False
meQ,CN[C@@H](CCC(N)=O)C(=O)O,CN[C@@H](CCC(N)=O)C=O,L,True
dQ,NC(=O)CC[C@@H](N)C(=O)O,NC(=O)CC[C@@H](N)C=O,D,False
Gln(Me),CNC(=O)CC[C@H](N)C(=O)O,CNC(=O)CC[C@H](N)C=O,L,True
Gln(Me2),CN(C)C(=O)CC[C@H](N)C(=O)O,CN(C)C(=O)CC[C@H](N)C=O,L,True
dGln(Me2),CN(C)C(=O)CC[C@@H](N)C(=O)O,CN(C)C(=O)CC[C@@H](N)C=O,D,True
Gln(Mes),CS(=O)(=O)NC(=O)CC[C@H](N)C(=O)O,CS(=O)(=O)NC(=O)CC[C@H](N)C=O,L,True
R,N=C(N)NCCC[C@H](N)C(=O)O,NC(=N)NCCC[C@H](N)C=O,L,False
dR,N=C(N)NCCC[C@@H](N)C(=O)O,NC(=N)NCCC[C@@H](N)C=O,D,False
"Arg(Me,Me)",C/N=C(\NC)NCCC[C@H](N)C(=O)O,C/N=C(\NC)NCCC[C@H](N)C=O,L,True
Me_dS,CN[C@H](CO)C(=O)O,CN[C@@H](C=O)CO,D,True
S,N[C@@H](CO)C(=O)O,OC[C@H](N)C=O,L,False
dS,N[C@H](CO)C(=O)O,OC[C@@H](N)C=O,D,False
meS,CN[C@@H](CO)C(=O)O,CN[C@@H](CO)C=O,L,True
Ser(Ac),CC(=O)OC[C@H](N)C(=O)O,CC(=O)OC[C@H](N)C=O,L,False
Ser(Bn),N[C@@H](COCc1ccccc1)C(=O)O,N[C@@H](COCc1ccccc1)C=O,L,False
Ser(EtNMe2),CN(C)CCOC[C@H](N)C(=O)O,CN(C)CCOC[C@H](N)C=O,L,True
Ser(EtOH),N[C@@H](COCCO)C(=O)O,N[C@@H](COCCO)C=O,L,False
Ser(isoamyl),CC(C)CCOC[C@H](N)C(=O)O,CC(C)CCOC[C@H](N)C=O,L,False
Ser(Me),COC[C@H](N)C(=O)O,COC[C@H](N)C=O,L,True
dSer(Me),COC[C@@H](N)C(=O)O,COC[C@@H](N)C=O,D,True
Ser(Ph(2-Cl)),N[C@@H](COc1ccccc1Cl)C(=O)O,N[C@@H](COc1ccccc1Cl)C=O,L,False
Ser(Ph(3-Cl)),N[C@@H](COc1cccc(Cl)c1)C(=O)O,N[C@@H](COc1cccc(Cl)c1)C=O,L,False
Ser(Pr),CCCOC[C@H](N)C(=O)O,CCCOC[C@H](N)C=O,L,False
Ser(tBu),CC(C)(C)OC[C@H](N)C(=O)O,CC(C)(C)OC[C@H](N)C=O,L,False
Me_Ser(isoamyl),CN[C@@H](COCCC(C)C)C(=O)O,CC(C)CCOC[C@@H](C=O)N(C),L,True
Me_Ser(Pr),CCCOC[C@H](NC)C(=O)O,CCCOC[C@@H](C=O)N(C),L,True
Sar,CNCC(=O)O,CNCC=O,L,False
Sta,CC(C)C[C@H](N)[C@@H](O)CC(=O)O,CC(C)C[C@H](N)[C@@H](O)CC=O,L,False
"Sta(3R,4R)",CC(C)C[C@@H](N)[C@H](O)CC(=O)O,CC(C)C[C@@H](N)[C@H](O)CC=O,L,False
T,C[C@@H](O)[C@H](N)C(=O)O,C[C@@H](O)[C@H](N)C=O,L,False
dT,C[C@H](O)[C@@H](N)C(=O)O,C[C@H](O)[C@@H](N)C=O,D,False
meT,CN[C@H](C(=O)O)[C@@H](C)O,C[C@@H](O)[C@H](N(C))C=O,L,True
Me_dT,CN[C@@H](C(=O)O)[C@H](C)O,CN[C@@H](C=O)[C@H](C)O,D,True
Me_Bmt(E),C/C=C/C[C@@H](C)[C@@H](O)[C@H](NC)C(=O)O,C/C=C/C[C@@H](C)[C@@H](O)[C@@H](C=O)N(C),L,True
Tle,CC(C)(C)[C@H](N)C(=O)O,CC(C)(C)[C@H](N)C=O,L,False
Tza,N[C@@H](Cc1cscn1)C(=O)O,N[C@@H](Cc1cscn1)C=O,L,False
Me_Tza,CN[C@@H](Cc1cscn1)C(=O)O,CN[C@@H](Cc1cscn1)C=O,L,True
V,CC(C)[C@H](N)C(=O)O,CC(C)[C@H](N)C=O,L,False
dV,CC(C)[C@@H](N)C(=O)O,CC(C)[C@@H](N)C=O,D,False
meV,CN[C@H](C(=O)O)C(C)C,CC(C)[C@H](N(C))C=O,L,True
Me_dV,CN[C@@H](C(=O)O)C(C)C,CC(C)[C@@H](N(C))C=O,D,True
W,N[C@@H](Cc1c[nH]c2ccccc12)C(=O)O,N[C@@H](Cc1c[nH]c2ccccc12)C=O,L,False
meW,CN[C@@H](Cc1c[nH]c2ccccc12)C(=O)O,CN[C@@H](Cc1c[nH]c2ccccc12)C=O,L,True
Me_dW,CN[C@H](Cc1c[nH]c2ccccc12)C(=O)O,CN[C@H](Cc1c[nH]c2ccccc12)C=O,D,True
Trp(5-Br),N[C@@H](Cc1c[nH]c2ccc(Br)cc12)C(=O)O,N[C@@H](Cc1c[nH]c2ccc(Br)cc12)C=O,L,False
Trp(6-Br),N[C@@H](Cc1c[nH]c2cc(Br)ccc12)C(=O)O,N[C@@H](Cc1c[nH]c2cc(Br)ccc12)C=O,L,False
Trp(7-Br),N[C@@H](Cc1c[nH]c2c(Br)cccc12)C(=O)O,N[C@@H](Cc1c[nH]c2c(Br)cccc12)C=O,L,False
Y,N[C@@H](Cc1ccc(O)cc1)C(=O)O,Oc1ccc(C[C@H](N)C=O)cc1,L,False
dY,N[C@H](Cc1ccc(O)cc1)C(=O)O,Oc1ccc(C[C@@H](N)C=O)cc1,D,False
meY,CN[C@@H](Cc1ccc(O)cc1)C(=O)O,CN[C@@H](Cc1ccc(O)cc1)C=O,L,True
Me_dY,CN[C@H](Cc1ccc(O)cc1)C(=O)O,CN[C@H](Cc1ccc(O)cc1)C=O,D,True
Tyr(3-F),N[C@@H](Cc1ccc(O)c(F)c1)C(=O)O,N[C@@H](Cc1ccc(O)c(F)c1)C=O,L,False
Tyr(CHF2),N[C@@H](Cc1ccc(OC(F)F)cc1)C(=O)O,N[C@@H](Cc1ccc(OC(F)F)cc1)C=O,L,False
Tyr(Me),COc1ccc(C[C@H](N)C(=O)O)cc1,COc1ccc(C[C@H](N)C=O)cc1,L,True
Me_Tyr(Me),CN[C@@H](Cc1ccc(OC)cc1)C(=O)O,COc1ccc(C[C@H](N(C))C=O)cc1,L,True
dTyr(bR-OMe),CO[C@H](c1ccc(O)cc1)[C@@H](N)C(=O)O,CO[C@H](c1ccc(O)cc1)[C@@H](N)C=O,D,True
Mono1,O=C(O)CNCc1ccc2c(c1)OCO2,N(CC=O)Cc1ccc2OCOc2c1,L,False
Mono2,C[C@H]1CCN[C@@H]1C(=O)O,C[C@H]1CCN[C@@H]1C=O,L,False
Mono3,CN[C@@H](CCN1CCCCC1)C(=O)O,CN[C@@H](CCN1CCCCC1)C=O,L,False
Mono4,CN[C@@H](CC(=O)N1CCCCC1)C(=O)O,CN[C@@H](CC(=O)N1CCCCC1)C=O,L,False
Mono5,CN[C@@H](CC(=O)N1CCOCC1)C(=O)O,CN[C@@H](CC(=O)N1CCOCC1)C=O,L,False
Mono6,CNCCCC(=O)O,CNCCCC=O,L,False
Bal(3-Me),C[C@H](N)CC(=O)O,C[C@@H](CC=O)N,L,True
Bal(d3-CF3),N[C@@H](CC(=O)O)C(F)(F)F,N[C@@H](CC=O)C(F)(F)F,L,False
Mono9,C=C(CCC(=O)O)c1ccc(C[C@H](N)C(=O)O)cc1,C=C(CCC=O)c1ccc(C[C@H](N)C=O)cc1,L,False
Mono10,C=C(CCC(=O)O)c1cccc(C[C@H](N)C(=O)O)c1,C=C(CCC=O)c1cccc(C[C@H](N)C=O)c1,L,False
Mono11,N[C@@H](Cc1ccc(CCCCCC(=O)O)cc1)C(=O)O,N[C@@H](Cc1ccc(CCCCCC=O)cc1)C=O,L,False
Mono12,N[C@@H](Cc1cccc(CCCCC(=O)O)c1)C(=O)O,N[C@@H](Cc1cccc(CCCCC=O)c1)C=O,L,False
Mono13,C[C@H](N)[C@@H](C(=O)NC(C)(C)C)N1CCC[C@H]1C(=O)O,C[C@H](N)[C@@H](C(=O)NC(C)(C)C)N1CCC[C@H]1C=O,L,False
Mono14,CC[C@@H](C)[C@H](N)c1nc(C(=O)O)cs1,CC[C@@H](C)[C@H](N)c1nc(C=O)cs1,L,False
Mono15,C/C=C/C[C@@H](C)[C@@H](OC(C)=O)[C@H](NC)C(=O)O,C/C=C/C[C@@H](C)[C@@H](OC(C)=O)[C@@H](C=O)N(C),L,False
Mono16,O=C(O)[C@H](O)CC(O)CCl,O[C@H](CC(O)CCl)C=O,L,False
Mono17,C[C@@H](N)c1nc(C(=O)O)cs1,C[C@@H](N)c1nc(C=O)cs1,L,False
Mono18,CC[C@H](C)[C@H](N)C1=N[C@H](C(=O)O)[C@@H](C)O1,CC[C@H](C)[C@H](N)C1=N[C@H](C=O)[C@@H](C)O1,L,False
Mono19,N[C@H](Cc1ccccc1)c1nc(C(=O)O)cs1,N[C@H](Cc1ccccc1)c1nc(C=O)cs1,L,False
Mono20,CC(C)[C@H](N)C1=N[C@H](C(=O)O)[C@@H](C)O1,CC(C)[C@H](N)C1=N[C@H](C=O)[C@@H](C)O1,L,False
Mono23,C[C@@H](N)[C@H](N)C(=O)O,C[C@@H](N)[C@H](N)C=O,L,False
Mono24,C[C@H]([C@H](N)C(=O)O)[C@@H](C)C(N)=O,C[C@H]([C@H](N)C=O)[C@@H](C)C(N)=O,L,False
Mono25,O=C(O)[C@@H]1C[C@@H](Cl)CCN1,N1CC[C@H](Cl)C[C@H]1C=O,L,False
Mono26,CC[C@H](C)[C@@H](N)[C@@H](O)CC(=O)O,CC[C@H](C)[C@@H](N)[C@@H](O)CC=O,L,False
Mono27,CC(C)[C@H](O)C(=O)[C@H](C)C(=O)O,CC(C)[C@H](O)C(=O)[C@H](C)C=O,L,False
Mono28,C/C(=C\[C@@H](N)CC(C)C)C(=O)O,C/C(=C\[C@H](CC(C)C)N)C=O,L,False
Mono29,C/C(=C\[C@H](N)CC(C)C)C(=O)O,C/C(=C\[C@@H](CC(C)C)N)C=O,L,False
Mono30,CC(C)C[C@H](N)c1nc(C(=O)O)cs1,CC(C)C[C@H](N)c1nc(C=O)cs1,L,False
Mono31,CC(C)[C@H](N)c1nc(C(=O)O)cs1,CC(C)[C@H](N)c1nc(C=O)cs1,L,False
Mono32,O=C(O)CNCc1cccc(C(F)(F)F)c1,N(CC=O)Cc1cccc(C(F)(F)F)c1,L,False
Mono33,O=C(O)CNCN1CCOCC1,N(CC=O)CN1CCOCC1,L,False
Mono34,CC(C)OCCCNCC(=O)O,CC(C)OCCCNCC=O,L,False
Mono35,CC[C@H](c1nnc([C@@H](N)Cc2ccccc2)o1)N1CCC[C@H]1C(=O)O,CC[C@H](c1nnc([C@H](Cc2ccccc2)N)o1)N1CCC[C@H]1C=O,L,False
Mono36,N[C@@H](Cc1ccccc1)c1nnc([C@@H](Cc2ccccc2)N2CCC[C@H]2C(=O)O)o1,N[C@@H](Cc1ccccc1)c1nnc([C@@H](Cc2ccccc2)N2CCC[C@H]2C=O)o1,L,False
Mono37,CC(C)C[C@H](c1nnc([C@@H](N)Cc2ccccc2)o1)N1CCC[C@H]1C(=O)O,CC(C)C[C@H](c1nnc([C@H](Cc2ccccc2)N)o1)N1CCC[C@H]1C=O,L,False
Mono38,O=C(O)CNCC1CCOCC1,N(CC=O)CC1CCOCC1,L,False
Mono39,O=C(O)CNCCOc1ccccc1,N(CCOc1ccccc1)CC=O,L,False
Mono40,Cn1cc(CCCNCC(=O)O)cn1,Cn1cc(CCCNCC=O)cn1,L,False
Mono41,O=C(O)CNCCCN1CCCC1=O,N(CCCN1CCCC1=O)CC=O,L,False
Mono42,O=C(O)CNCCN1CCOCC1,N(CCN1CCOCC1)CC=O,L,False
Mono43,O=C(O)CNCCCCc1ccccc1,N(CCCCc1ccccc1)CC=O,L,False
Mono44,CC(C)Cc1cc(CNCC(=O)O)no1,CC(C)Cc1cc(CNCC=O)no1,L,False
Mono45,O=C(O)CNCc1ccccc1Cn1cccn1,N(CC=O)Cc1ccccc1Cn1cccn1,L,False
Mono46,CC(C)(C)NC(=O)[C@H]([C@@H](N)CSc1ccccc1)N1CCC[C@H]1C(=O)O,CC(C)(C)NC(=O)[C@H]([C@H](CSc1ccccc1)N)N1CCC[C@H]1C=O,L,False
Mono47,CC(C)(C)NC(=O)[C@H]([C@@H]1CN1)N1CCC[C@H]1C(=O)O,CC(C)(C)NC(=O)[C@H]([C@@H]1CN1)N1CCC[C@H]1C=O,L,False
Mono48,O=C(O)CNCCCc1ccc(F)cc1F,N(CCCc1ccc(F)cc1F)CC=O,L,False
Mono49,N[C@@H](COCc1cncc(F)c1)C(=O)O,N[C@@H](COCc1cncc(F)c1)C=O,L,False
Mono50,N[C@@H](COCC(F)(F)C(F)F)C(=O)O,N[C@@H](COCC(F)(F)C(F)F)C=O,L,False
Mono51,CN[C@@H](CCC1CCCC(F)(F)C1)C(=O)O,CN[C@@H](CCC1CCCC(F)(F)C1)C=O,L,False
Mono52,CN[C@@H](CCC1CCC(F)(F)CC1)C(=O)O,CN[C@@H](CCC1CCC(F)(F)CC1)C=O,L,False
Mono53,CN(C)c1ccc(C[C@H](N)C(=O)O)cn1,CN(C)c1ccc(C[C@H](N)C=O)cn1,L,False
Mono54,C[C@H](O)COC[C@H](N)C(=O)O,C[C@H](O)COC[C@H](N)C=O,L,False
Mono55,CC(C)(O)COC[C@H](N)C(=O)O,CC(C)(O)COC[C@H](N)C=O,L,False
Mono56,CC(C)(O)CCOC[C@H](N)C(=O)O,CC(C)(O)CCOC[C@H](N)C=O,L,False
Mono57,CC(C)(C)NC(=O)COC[C@H](N)C(=O)O,CC(C)(C)NC(=O)COC[C@H](N)C=O,L,False
Mono58,O=C(O)CNCCN1CCC(F)(F)CC1,N(CCN1CCC(F)(F)CC1)CC=O,L,False
Mono59,O=C(O)[C@@H]1C[C@@H](N2CCC(F)(F)CC2)CN1,N1C[C@H](N2CCC(F)(F)CC2)C[C@H]1C=O,L,False
Mono60,O=C(O)[C@@H]1C[C@H](N2CCC(F)(F)CC2)CN1,N1C[C@@H](N2CCC(F)(F)CC2)C[C@H]1C=O,L,False
Mono61,CCCC[C@@H](O)[C@H](N)C(=O)O,CCCC[C@@H](O)[C@H](N)C=O,L,False
Mono62,N[C@@H](COCCN1CCOCC1)C(=O)O,N[C@@H](COCCN1CCOCC1)C=O,L,False
Mono63,N[C@@H](CCc1noc(=O)[nH]1)C(=O)O,N[C@@H](CCc1noc(=O)[nH]1)C=O,L,False
Mono64,C[C@@H](O)COC[C@H](N)C(=O)O,C[C@@H](O)COC[C@H](N)C=O,L,False
Mono65,N[C@@H](CCCC(O)C(F)(F)F)C(=O)O,N[C@@H](CCCC(O)C(F)(F)F)C=O,L,False
Mono66,N[C@@H](COCC(O)C(F)(F)F)C(=O)O,N[C@@H](COCC(O)C(F)(F)F)C=O,L,False
Mono67,CCC[C@H](C)[C@@H](O)[C@@H](C)[C@@H](O)C/C=C(\C)C(=O)O,CCC[C@H](C)[C@@H](O)[C@@H](C)[C@@H](O)C/C=C(\C)C=O,L,False
Mono68,CCC[C@H](C)[C@@H](O)[C@@H](C)[C@H](C/C=C(\C)C(=O)O)OC,CCC[C@H](C)[C@@H](O)[C@@H](C)[C@H](C/C=C(\C)C=O)OC,L,False
Mono69,CCC[C@H](C)[C@@H](OC)[C@@H](C)[C@@H](O)C/C=C(\C)C(=O)O,CCC[C@H](C)[C@@H](OC)[C@@H](C)[C@H](C/C=C(\C)C=O)O,L,False
Mono70,C/C=C/C[C@@H](C)C(=O)[C@H](NC)C(=O)O,C/C=C/C[C@@H](C)C(=O)[C@@H](C=O)N(C),L,False
Mono71,CCOC(=O)n1cnc(C[C@H](N)C(=O)O)c1,CCOC(=O)n1cnc(C[C@H](N)C=O)c1,L,False
Mono72,CCOC(=O)N(C(=O)CC[C@H](N)C(=O)O)C(=O)OCC,CCOC(=O)N(C(=O)CC[C@H](N)C=O)C(=O)OCC,L,False
Mono73,CCOC(=O)N(C(=O)C[C@H](N)C(=O)O)C(=O)OCC,CCOC(=O)N(C(=O)C[C@H](N)C=O)C(=O)OCC,L,False
Mono74,CCOC(=O)/N=C(/NCCC[C@H](N)C(=O)O)NC(=O)OCC,CCOC(=O)/N=C(/NCCC[C@H](N)C=O)NC(=O)OCC,L,False
Mono75,NCCCN[C@@H](Cc1ccccc1)C(=O)O,NCCCN[C@@H](Cc1ccccc1)C=O,L,False
Mono76,NCCCCN[C@@H](Cc1ccccc1)C(=O)O,NCCCCN[C@@H](Cc1ccccc1)C=O,L,False
Mono77,NCCCCCN[C@@H](Cc1ccccc1)C(=O)O,NCCCCCN[C@@H](Cc1ccccc1)C=O,L,False
Mono78,NCCCCCCN[C@@H](Cc1ccccc1)C(=O)O,NCCCCCCN[C@@H](Cc1ccccc1)C=O,L,False
Mono79,NCCCCCCCN[C@@H](Cc1ccccc1)C(=O)O,NCCCCCCCN[C@@H](Cc1ccccc1)C=O,L,False
Mono80,NCCCCCCCCN[C@@H](Cc1ccccc1)C(=O)O,NCCCCCCCCN[C@@H](Cc1ccccc1)C=O,L,False
Mono81,NCCCCCCCCCN[C@@H](Cc1ccccc1)C(=O)O,NCCCCCCCCCN[C@@H](Cc1ccccc1)C=O,L,False
Mono82,NCCCCCCCCCCN[C@@H](Cc1ccccc1)C(=O)O,NCCCCCCCCCCN[C@@H](Cc1ccccc1)C=O,L,False
Mono83,NCCCCCCNCC(=O)O,NCCCCCCNCC=O,L,False
Mono84,C[C@H](NCCCCCCN)C(=O)O,C[C@H](NCCCCCCN)C=O,L,False
Mono85,C[C@@H](NCCCCCCN)C(=O)O,C[C@@H](NCCCCCCN)C=O,L,False
Mono86,CC(C)C[C@H](NCCCCCCN)C(=O)O,CC(C)C[C@H](NCCCCCCN)C=O,L,False
Mono87,NCCCCCCN[C@H](Cc1ccccc1)C(=O)O,NCCCCCCN[C@H](Cc1ccccc1)C=O,L,False
Mono88,CN(CCCCCCN)[C@@H](Cc1ccccc1)C(=O)O,CN(CCCCCCN)[C@@H](Cc1ccccc1)C=O,L,False
Mono89,NCCCCCCN(CC(=O)O)Cc1ccccc1,NCCCCCCN(CC=O)Cc1ccccc1,L,False
Mono90,CNCCCCCCN[C@@H](Cc1ccccc1)C(=O)O,CNCCCCCCN[C@@H](Cc1ccccc1)C=O,L,False
Mono91,CC(=O)N(CCCCCCN)[C@@H](Cc1ccccc1)C(=O)O,CC(=O)N(CCCCCCN)[C@@H](Cc1ccccc1)C=O,L,False
Mono92,C[C@H](CCCN)C(=O)O,C[C@H](CCCN)C=O,L,False
Mono93,C[C@@H](CCCN)C(=O)O,C[C@@H](CCCN)C=O,L,False
Mono94,C[C@H](CCN)CC(=O)O,C[C@H](CCN)CC=O,L,False
Mono95,C[C@@H](CCN)CC(=O)O,C[C@@H](CCN)CC=O,L,False
Mono96,C[C@@H](CN)CCC(=O)O,C[C@H](CCC=O)CN,L,False
Mono97,C[C@H](CN)CCC(=O)O,C[C@@H](CCC=O)CN,L,False
Mono98,C[C@@H](N)CCCC(=O)O,C[C@H](CCCC=O)N,L,False
Mono99,C[C@H](N)CCCC(=O)O,C[C@@H](CCCC=O)N,L,False
Mono100,CNC(=O)[C@@H](N)CSCC(=O)O,CNC(=O)[C@H](CSCC=O)N,L,False
Mono101,CNC(=O)[C@H](CSCC(=O)O)NC,CNC(=O)[C@H](CSCC=O)N(C),L,False
Mono102,O=C(O)c1csc([C@@H]2CCCN2)n1,N1CCC[C@H]1c1nc(C=O)cs1,L,False
Mono103,CC[C@H](c1nnc([C@@H](N)Cc2ccccc2)o1)N1CCC[C@H]1c1nc(C(=O)O)cs1,CC[C@H](c1nnc([C@H](Cc2ccccc2)N)o1)N1CCC[C@H]1c1nc(C=O)cs1,L,False
Mono104,CC(C)C[C@H](N)c1nc(C(=O)O)co1,CC(C)C[C@H](N)c1nc(C=O)co1,L,False
Mono105,CC[C@H](c1nnc([C@@H](N)Cc2ccc(O)cc2)o1)N1CCC[C@H]1c1nc(C(=O)O)cs1,CC[C@H](c1nnc([C@H](Cc2ccc(O)cc2)N)o1)N1CCC[C@H]1c1nc(C=O)cs1,L,False
Mono106,N[C@@H](Cc1ccccc1)c1nc(C(=O)O)co1,N[C@@H](Cc1ccccc1)c1nc(C=O)co1,L,False
Mono107,CC[C@@H](N[C@H](c1nc(C(=O)O)cs1)C(C)C)c1nnc([C@@H](N)Cc2ccccc2)o1,CC[C@@H](N[C@H](c1nc(C=O)cs1)C(C)C)c1nnc([C@H](Cc2ccccc2)N)o1,L,False
Mono108,NC(=O)[C@@H](N)Cc1csc(C2=N[C@H](C(=O)O)CS2)c1,N[C@@H](Cc1csc(C2=N[C@H](C=O)CS2)c1)C(N)=O,L,False
Mono109,NC(=O)[C@@H](N)Cc1cc(C2=N[C@H](C(=O)O)CS2)cs1,N[C@@H](Cc1cc(C2=N[C@H](C=O)CS2)cs1)C(N)=O,L,False
Mono110,NC(=O)[C@@H](N)Cc1cccc(C2=N[C@H](C(=O)O)CS2)c1,N[C@@H](Cc1cccc(C2=N[C@H](C=O)CS2)c1)C(N)=O,L,False
Mono111,NC(=O)[C@@H](N)Cc1cncc(C2=N[C@H](C(=O)O)CS2)c1,N[C@@H](Cc1cncc(C2=N[C@H](C=O)CS2)c1)C(N)=O,L,False
Mono112,NC(=O)[C@@H](N)CC1=N[C@H](C(=O)O)CS1,N[C@@H](CC1=N[C@H](C=O)CS1)C(N)=O,L,False
ac-,CC(=O)O,CC=O,L,False
deca-,CCCCCCCCCC(=O)O,CCCCCCCCCC=O,L,False
glyco-,O=C(O)CO,C(=O)CO,L,False
Mono21-,O=C/C=C/C=C/C(=O)O,C(=O)/C=C/C=C/C=O,L,False
Mono22-,CCC(C)/C=C(C)/C=C\C(O)C(C)(O)C(=O)O,CCC(C)/C=C(C)/C=C\C(O)C(C)(O)C=O,L,False
dW,N[C@H](Cc1c[nH]c2ccccc12)C(=O)O,N[C@H](Cc1c[nH]c2ccccc12)C=O,D,False
Ac3c,NC1(C(=O)O)CC1,NC1(C=O)CC1,L,False
Abu(5-Tet),N[C@@H](CCc1nn[nH]n1)C(=O)O,N[C@@H](CCc1nn[nH]n1)C=O,L,False
Gly(allyl),C=CC[C@H](N)C(=O)O,C=CC[C@H](N)C=O,L,False
Aze,O=C(O)[C@@H]1CCN1,N1CC[C@H]1C=O,L,False
Bal(d3-Me),C[C@@H](N)CC(=O)O,C[C@H](CC=O)N,L,False
Me_Bal(d3-Me),CN[C@H](C)CC(=O)O,C[C@H](CC=O)N(C),L,True
Bal(d3-EtPh),N[C@H](CCc1ccccc1)CC(=O)O,N[C@H](CCc1ccccc1)CC=O,L,False
meH,CN[C@@H](Cc1c[nH]cn1)C(=O)O,CN[C@@H](Cc1c[nH]cn1)C=O,L,True
Phe(3-Cl),N[C@@H](Cc1cccc(Cl)c1)C(=O)O,N[C@@H](Cc1cccc(Cl)c1)C=O,L,False
Phe(3-F),N[C@@H](Cc1cccc(F)c1)C(=O)O,N[C@@H](Cc1cccc(F)c1)C=O,L,False
Phe(4-Cl),N[C@@H](Cc1ccc(Cl)cc1)C(=O)O,N[C@@H](Cc1ccc(Cl)cc1)C=O,L,False
Mono113,C[C@H](CN)C(=O)O,C[C@H](CN)C=O,L,False
Ser(tBuOH),CC(C)(O)COC[C@H](N)C(=O)O,CC(C)(O)COC[C@H](N)C=O,L,False
Val(3-OH),CC(C)(O)[C@H](N)C(=O)O,CC(C)(O)[C@H](N)C=O,L,False
Mono114,CCNCCCC(=O)O,CCNCCCC=O,L,False
Ac5c,NC1(C(=O)O)CCCC1,NC1(C=O)CCCC1,L,False
"Hph(4-CF3,3,5-diF)",N[C@@H](CCc1cc(F)c(C(F)(F)F)c(F)c1)C(=O)O,N[C@@H](CCc1cc(F)c(C(F)(F)F)c(F)c1)C=O,L,False
Hph(4-Me),Cc1ccc(CC[C@H](N)C(=O)O)cc1,Cc1ccc(CC[C@H](N)C=O)cc1,L,False
"Phe(3,5-diCl)",N[C@@H](Cc1cc(Cl)cc(Cl)c1)C(=O)O,N[C@@H](Cc1cc(Cl)cc(Cl)c1)C=O,L,False
"Hph(4-CF3,3-Cl)",N[C@@H](CCc1ccc(C(F)(F)F)c(Cl)c1)C(=O)O,N[C@@H](CCc1ccc(C(F)(F)F)c(Cl)c1)C=O,L,False
Me_Phe(4-Me),CN[C@@H](Cc1ccc(C)cc1)C(=O)O,Cc1ccc(C[C@@H](C=O)N(C))cc1,L,True
Hph(4-tBu),CC(C)(C)c1ccc(CC[C@H](N)C(=O)O)cc1,CC(C)(C)c1ccc(CC[C@H](N)C=O)cc1,L,False
"Hph(3,4-diCl)",N[C@@H](CCc1ccc(Cl)c(Cl)c1)C(=O)O,N[C@@H](CCc1ccc(Cl)c(Cl)c1)C=O,L,False
Hch,N[C@@H](CCC1CCCCC1)C(=O)O,N[C@@H](CCC1CCCCC1)C=O,L,False
"Phe(3-Cl,5-F)",N[C@@H](Cc1cc(F)cc(Cl)c1)C(=O)O,N[C@@H](Cc1cc(F)cc(Cl)c1)C=O,L,True
Me_Gly(cPent),CN[C@H](C(=O)O)C1CCCC1,CN[C@H](C=O)C1CCCC1,L,False
Phe(3-CF3),N[C@@H](Cc1cccc(C(F)(F)F)c1)C(=O)O,N[C@@H](Cc1cccc(C(F)(F)F)c1)C=O,L,False
Et_Phe(4-Me),CCN[C@@H](Cc1ccc(C)cc1)C(=O)O,CCN[C@@H](Cc1ccc(C)cc1)C=O,L,False
Hph(4-CF3),N[C@@H](CCc1ccc(C(F)(F)F)cc1)C(=O)O,N[C@@H](CCc1ccc(C(F)(F)F)cc1)C=O,L,False
Mono115,CCOC(=O)[C@H](CSCC(=O)O)NC,CCOC(=O)[C@H](CSCC=O)N(C),L,False
Chg,N[C@H](C(=O)O)C1CCCCC1,N[C@H](C=O)C1CCCCC1,L,False
Me_Chg,CN[C@H](C(=O)O)C1CCCCC1,CN[C@H](C=O)C1CCCCC1,L,True
Et_Leu,CCN[C@@H](CC(C)C)C(=O)O,CCN[C@@H](CC(C)C)C=O,L,False
Me_Ser(Me),CN[C@@H](COC)C(=O)O,COC[C@@H](C=O)N(C),L,True
Me_Hse(Me),CN[C@@H](CCOC)C(=O)O,COCC[C@@H](C=O)N(C),L,True
Gly(cPr),N[C@H](C(=O)O)C1CC1,N[C@H](C=O)C1CC1,L,False
Me_Gly(cPr),CN[C@H](C(=O)O)C1CC1,CN[C@H](C=O)C1CC1,L,True
Gly(cBu),N[C@H](C(=O)O)C1CCC1,N[C@H](C=O)C1CCC1,L,False
Me_Gly(cBu),CN[C@H](C(=O)O)C1CCC1,CN[C@H](C=O)C1CCC1,L,True
Gly(cPent),N[C@H](C(=O)O)C1CCCC1,N[C@H](C=O)C1CCCC1,L,False
Ala(cPr),N[C@@H](CC1CC1)C(=O)O,N[C@@H](CC1CC1)C=O,L,False
Ala(cBu),N[C@@H](CC1CCC1)C(=O)O,N[C@@H](CC1CCC1)C=O,L,False
Ala(cPent),N[C@@H](CC1CCCC1)C(=O)O,N[C@@H](CC1CCCC1)C=O,L,False
Me_Nva(F2),CN[C@@H](CCC(F)F)C(=O)O,CN[C@@H](CCC(F)F)C=O,L,True
Mono116,CNCc1cn(CC(=O)O)nn1,CNCc1cn(CC=O)nn1,L,False
Mono117,NCc1ccc(CN[C@@H](Cc2ccccc2)C(=O)O)[nH]1,NCc1ccc(CN[C@@H](Cc2ccccc2)C=O)[nH]1,L,False
Mono118,CN(Cc1ccc(CN)[nH]1)[C@@H](Cc1ccccc1)C(=O)O,CN(Cc1ccc(CN)[nH]1)[C@@H](Cc1ccccc1)C=O,L,False
Mono119,Cn1c(CN)ccc1CN[C@@H](Cc1ccccc1)C(=O)O,Cn1c(CN)ccc1CN[C@@H](Cc1ccccc1)C=O,L,False
Mono120,NCc1c[nH]c(CN[C@@H](Cc2ccccc2)C(=O)O)c1,NCc1c[nH]c(CN[C@@H](Cc2ccccc2)C=O)c1,L,False
Mono121,Cn1cc(CN)cc1CN[C@@H](Cc1ccccc1)C(=O)O,Cn1cc(CN)cc1CN[C@@H](Cc1ccccc1)C=O,L,False
Mono122,NCc1ccc(CN[C@@H](Cc2ccccc2)C(=O)O)o1,NCc1ccc(CN[C@@H](Cc2ccccc2)C=O)o1,L,False
Mono123,CN(Cc1ccc(CN)o1)[C@@H](Cc1ccccc1)C(=O)O,CN(Cc1ccc(CN)o1)[C@@H](Cc1ccccc1)C=O,L,False
Mono124,CNCc1ccc(CN[C@@H](Cc2ccccc2)C(=O)O)o1,CNCc1ccc(CN[C@@H](Cc2ccccc2)C=O)o1,L,False
Mono125,CNCc1ccc(CN(C)[C@@H](Cc2ccccc2)C(=O)O)o1,CNCc1ccc(CN(C)[C@@H](Cc2ccccc2)C=O)o1,L,False
Mono126,NCc1cccc(N(Cc2ccccc2[N+](=O)[O-])C(=O)c2cccc(C(=O)O)c2)c1,NCc1cccc(N(Cc2ccccc2[N+](=O)[O-])C(=O)c2cccc(C=O)c2)c1,L,False