aa,smiles,residue_smiles,alpha_carbon_stereo,n-methylation
A,C[C@H](N)C(=O)O,CN[C@@H](C)C=O,L,False
dA,C[C@@H](N)C(=O)O,CN[C@H](C)C=O,D,False
meA,CN[C@@H](C)C(=O)O,C[C@@H](C=O)N(C)C,L,True
Me_dA,CN[C@H](C)C(=O)O,C[C@H](C=O)N(C)C,D,True
Ala(tBu),CC(C)(C)C[C@H](N)C(=O)O,CN[C@H](C=O)CC(C)(C)C,L,False
Ala(indol-2-yl),N[C@@H](Cc1cc2ccccc2[nH]1)C(=O)O,CN[C@H](C=O)Cc1cc2ccccc2[nH]1,D,False
dAla(indol-2-yl),N[C@H](Cc1cc2ccccc2[nH]1)C(=O)O,CN[C@@H](C=O)Cc1cc2ccccc2[nH]1,D,False
Me_Ala(indol-2-yl),CN[C@@H](Cc1cc2ccccc2[nH]1)C(=O)O,CN(C)[C@H](C=O)Cc1cc2ccccc2[nH]1,D,True
Ala(5-Tet),N[C@@H](Cc1nnn[nH]1)C(=O)O,CN[C@H](C=O)Cc1nnn[nH]1,L,False
Abu,CC[C@H](N)C(=O)O,CC[C@@H](C=O)NC,L,False
dAbu,CC[C@@H](N)C(=O)O,CC[C@H](C=O)NC,D,False
Me_Abu,CC[C@H](NC)C(=O)O,CC[C@@H](C=O)N(C)C,L,True
Me_dAbu,CC[C@@H](NC)C(=O)O,CC[C@H](C=O)N(C)C,D,True
Me_Abu(morpholino),CN[C@@H](CCN1CCOCC1)C(=O)O,CN(C)[C@H](C=O)CCN1CCOCC1,L,True
2Abz,Nc1ccccc1C(=O)O,CNc1ccccc1C=O,L,False
Aib,CC(C)(N)C(=O)O,CNC(C)(C)C=O,L,False
Aoc(2),CCCCCC[C@H](N)C(=O)O,CCCCCC[C@@H](C=O)NC,L,False
5-Ava,NCCCCC(=O)O,CNCCCCC=O,L,False
Bal,NCCC(=O)O,CNCCC=O,L,False
Me_Bal,CNCCC(=O)O,CN(C)CCC=O,L,True
HOCOCH2_Bal,O=C(O)CCNCC(=O)O,CN(CC=O)CCC(=O)O,L,False
Cys(EtO2H)_NH2,NC(=O)[C@@H](N)CSCC(=O)O,CN[C@@H](CSCC=O)C(N)=O,L,False
Cha,N[C@@H](CC1CCCCC1)C(=O)O,CN[C@H](C=O)CC1CCCCC1,L,False
dCha,N[C@H](CC1CCCCC1)C(=O)O,CN[C@@H](C=O)CC1CCCCC1,D,False
Me_Cha,CN[C@@H](CC1CCCCC1)C(=O)O,CN(C)[C@H](C=O)CC1CCCCC1,L,True
D,N[C@@H](CC(=O)O)C(=O)O,CN[C@H](C=O)CC=O,D,False
meD,CN[C@@H](CC(=O)O)C(=O)O,CN(C)[C@H](C=O)CC=O,D,True
Asp_piperidide,N[C@@H](CC(=O)O)C(=O)N1CCCCC1,CN[C@@H](CC=O)C(=O)N1CCCCC1,D,False
Asp(OMe),COC(=O)C[C@H](N)C(=O)O,CN[C@H](C=O)CC(=O)OC,L,True
Asp(Ph(2-NH2)),Nc1ccccc1C(=O)C[C@H](N)C(=O)O,CN[C@H](C=O)CC(=O)c1ccccc1N,L,False
dAsp(pyrrol-1-yl),N[C@H](CC(=O)N1CCCC1)C(=O)O,CN[C@@H](C=O)CC(=O)N1CCCC1,D,False
E,N[C@@H](CCC(=O)O)C(=O)O,CN[C@H](C=O)CCC=O,L,False
Glu_NH2,NC(=O)[C@@H](N)CCC(=O)O,CN[C@@H](CCC=O)C(N)=O,L,False
Glu(3R-Me),C[C@H](CC(=O)O)[C@H](N)C(=O)O,CN[C@H](C=O)[C@H](C)CC(=O)O,L,True
Glu(OMe),COC(=O)CC[C@H](N)C(=O)O,CN[C@H](C=O)CCC(=O)OC,L,True
dGlu(OMe),COC(=O)CC[C@@H](N)C(=O)O,CN[C@@H](C=O)CCC(=O)OC,D,True
F,N[C@@H](Cc1ccccc1)C(=O)O,CN[C@H](C=O)Cc1ccccc1,L,False
dF,N[C@H](Cc1ccccc1)C(=O)O,CN[C@@H](C=O)Cc1ccccc1,D,False
meF,CN[C@@H](Cc1ccccc1)C(=O)O,CN(C)[C@H](C=O)Cc1ccccc1,L,True
Me_dF,CN[C@H](Cc1ccccc1)C(=O)O,CN(C)[C@@H](C=O)Cc1ccccc1,D,True
Phe(4-F),N[C@@H](Cc1ccc(F)cc1)C(=O)O,CN[C@H](C=O)Cc1ccc(F)cc1,L,False
dPhe(4-F),N[C@H](Cc1ccc(F)cc1)C(=O)O,CN[C@@H](C=O)Cc1ccc(F)cc1,D,False
Phe(4-CF3),N[C@@H](Cc1ccc(C(F)(F)F)cc1)C(=O)O,CN[C@H](C=O)Cc1ccc(C(F)(F)F)cc1,L,False
Phe(4-NO2),N[C@@H](Cc1ccc([N+](=O)[O-])cc1)C(=O)O,CN[C@H](C=O)Cc1ccc([N+](=O)[O-])cc1,L,False
Phe(CHF2),N[C@@H](Cc1ccc(C(F)F)cc1)C(=O)O,CN[C@H](C=O)Cc1ccc(C(F)F)cc1,L,False
"dPhe(3,4-diF)",N[C@H](Cc1ccc(F)c(F)c1)C(=O)O,CN[C@@H](C=O)Cc1ccc(F)c(F)c1,D,False
Et_Phe,CCN[C@@H](Cc1ccccc1)C(=O)O,CCN(C)[C@H](C=O)Cc1ccccc1,L,False
H2NEt_Phe,NCCN[C@@H](Cc1ccccc1)C(=O)O,CNCCN[C@H](C=O)Cc1ccccc1,L,False
Me_Phe(3-Cl),CN[C@@H](Cc1cccc(Cl)c1)C(=O)O,CN(C)[C@H](C=O)Cc1cccc(Cl)c1,L,True
Me_Phe(4-Cl),CN[C@@H](Cc1ccc(Cl)cc1)C(=O)O,CN(C)[C@H](C=O)Cc1ccc(Cl)cc1,L,True
"Me_Phe(a,b-dehydro)",CN/C(=C\c1ccccc1)C(=O)O,CN(C)/C(C=O)=C\c1ccccc1,D,True
G,NCC(=O)O,CNCC=O,L,False
Bn_Gly,O=C(O)CNCc1ccccc1,CN(CC=O)Cc1ccccc1,L,False
Bn(4-Cl)_Gly,O=C(O)CNCc1ccc(Cl)cc1,CN(CC=O)Cc1ccc(Cl)cc1,L,False
Bn(4-OH)_Gly,O=C(O)CNCc1ccc(O)cc1,CN(CC=O)Cc1ccc(O)cc1,L,False
Bu_Gly,CCCCNCC(=O)O,CCCCN(C)CC=O,L,False
iBu_Gly,CC(C)CNCC(=O)O,CC(C)CN(C)CC=O,L,False
Et_Gly,CCNCC(=O)O,CCN(C)CC=O,L,False
EtOEt_Gly,CCOCCNCC(=O)O,CCOCCN(C)CC=O,L,False
HOCOCH2_Gly_ol,O=C(O)CNCCO,CN(CC=O)CCO,L,False
MeOEt_Gly,COCCNCC(=O)O,COCCN(C)CC=O,L,True
NH2Bu_Gly,NCCCCNCC(=O)O,CN(CC=O)CCCCN,L,False
Pr_Gly,CCCNCC(=O)O,CCCN(C)CC=O,L,False
PhEt_Gly,O=C(O)CNCCc1ccccc1,CN(CC=O)CCc1ccccc1,L,False
PhPr_Gly,O=C(O)CNCCCc1ccccc1,CN(CC=O)CCCc1ccccc1,L,False
cHexCH2_Gly,O=C(O)CNCC1CCCCC1,CN(CC=O)CC1CCCCC1,L,False
isoamyl_Gly,CC(C)CCNCC(=O)O,CC(C)CCN(C)CC=O,L,False
pentyl_Gly,CCCCCNCC(=O)O,CCCCCN(C)CC=O,L,False
3-pyridylethyl_Gly,O=C(O)CNCCc1cccnc1,CN(CC=O)CCc1cccnc1,D,False
2-pyridylmethyl_Gly,O=C(O)CNCc1ccccn1,CN(CC=O)Cc1ccccn1,D,True
d(N->O)Gly(allyl),C=CC[C@@H](O)C(=O)O,C=CC[C@H](C=O)OC,D,False
GABA,NCCCC(=O)O,CNCCCC=O,L,False
H,N[C@@H](Cc1c[nH]cn1)C(=O)O,CN[C@H](C=O)Cc1c[nH]cn1,L,False
Hph,N[C@@H](CCc1ccccc1)C(=O)O,CN[C@H](C=O)CCc1ccccc1,L,False
Me_Hph,CN[C@@H](CCc1ccccc1)C(=O)O,CN(C)[C@H](C=O)CCc1ccccc1,L,True
bHph,N[C@H](CC(=O)O)Cc1ccccc1,CN[C@H](CC=O)Cc1ccccc1,L,False
Hph(2-Cl),N[C@@H](CCc1ccccc1Cl)C(=O)O,CN[C@H](C=O)CCc1ccccc1Cl,L,False
Hph(3-Cl),N[C@@H](CCc1cccc(Cl)c1)C(=O)O,CN[C@H](C=O)CCc1cccc(Cl)c1,L,False
Hph(4-Cl),N[C@@H](CCc1ccc(Cl)cc1)C(=O)O,CN[C@H](C=O)CCc1ccc(Cl)cc1,L,False
Hse(Et),CCOCC[C@H](N)C(=O)O,CCOCC[C@@H](C=O)NC,L,False
dHyp,O=C(O)[C@H]1C[C@H](O)CN1,CN1C[C@@H](O)C[C@@H]1C=O,D,False
Hyp(Et),CCO[C@H]1CN[C@H](C(=O)O)C1,CCO[C@@H]1C[C@@H](C=O)N(C)C1,L,False
I,CC[C@H](C)[C@H](N)C(=O)O,CC[C@H](C)[C@@H](C=O)NC,L,False
dI,CC[C@@H](C)[C@@H](N)C(=O)O,CC[C@@H](C)[C@H](C=O)NC,D,False
meI,CC[C@H](C)[C@H](NC)C(=O)O,CC[C@H](C)[C@@H](C=O)N(C)C,L,True
Me_dI,CC[C@@H](C)[C@@H](NC)C(=O)O,CC[C@@H](C)[C@H](C=O)N(C)C,D,True
(N->O)xiIle,CCC(C)[C@H](O)C(=O)O,CCC(C)[C@@H](C=O)OC,L,False
d(N->O)aIle,CC[C@H](C)[C@@H](O)C(=O)O,CC[C@H](C)[C@H](C=O)OC,D,False
K,NCCCC[C@H](N)C(=O)O,,L,False
dK,NCCCC[C@@H](N)C(=O)O,CNCCCC[C@H](C=O)NC,D,False
meK,CN[C@@H](CCCCN)C(=O)O,CN(C)[C@H](C=O)CCCCN,L,True
Me_dK,CN[C@H](CCCCN)C(=O)O,CN(C)[C@@H](C=O)CCCCN,D,True
Lys(Ac),CC(=O)NCCCC[C@H](N)C(=O)O,CN[C@H](C=O)CCCCNC(C)=O,L,False
Lys(Cbz),N[C@@H](CCCCNC(=O)OCc1ccccc1)C(=O)O,CN[C@H](C=O)CCCCNC(=O)OCc1ccccc1,L,False
Lys(iPr),CC(C)NCCCC[C@H](N)C(=O)O,CN[C@H](C=O)CCCCNC(C)C,L,False
Lys(Me),CNCCCC[C@H](N)C(=O)O,CNCCCC[C@@H](C=O)NC,L,True
Me_Lys(Me),CNCCCC[C@H](NC)C(=O)O,CNCCCC[C@@H](C=O)N(C)C,L,True
Lys(Me2),CN(C)CCCC[C@H](N)C(=O)O,CN[C@H](C=O)CCCCN(C)C,L,True
Lys(Tfa),N[C@@H](CCCCNC(=O)C(F)(F)F)C(=O)O,CN[C@H](C=O)CCCCNC(=O)C(F)(F)F,L,False
L,CC(C)C[C@H](N)C(=O)O,CN[C@H](C=O)CC(C)C,L,False
dL,CC(C)C[C@@H](N)C(=O)O,,D,False
meL,CN[C@@H](CC(C)C)C(=O)O,CC(C)C[C@@H](C=O)N(C)C,L,True
Me_dL,CN[C@H](CC(C)C)C(=O)O,CC(C)C[C@H](C=O)N(C)C,D,True
aMeLeu,CC(C)C[C@](C)(N)C(=O)O,CN[C@](C)(C=O)CC(C)C,L,True
dLeu(3R-OH),CC(C)[C@@H](O)[C@@H](N)C(=O)O,,D,False
(N->O)Leu,CC(C)C[C@H](O)C(=O)O,CO[C@H](C=O)CC(C)C,L,False
d(N->O)Leu,CC(C)C[C@@H](O)C(=O)O,CO[C@@H](C=O)CC(C)C,D,False
M,CSCC[C@H](N)C(=O)O,CN[C@H](C=O)CCSC,L,False
meM,CN[C@@H](CCSC)C(=O)O,CSCC[C@@H](C=O)N(C)C,L,True
Met(O2),CS(=O)(=O)CC[C@H](N)C(=O)O,CN[C@H](C=O)CCS(C)(=O)=O,L,True
N,NC(=O)C[C@H](N)C(=O)O,CN[C@H](C=O)CC(N)=O,L,False
dN,NC(=O)C[C@@H](N)C(=O)O,CN[C@@H](C=O)CC(N)=O,D,False
meN,CN[C@@H](CC(N)=O)C(=O)O,CN(C)[C@H](C=O)CC(N)=O,L,True
dAsn(Me2),CN(C)C(=O)C[C@@H](N)C(=O)O,CN[C@@H](C=O)CC(=O)N(C)C,D,True
Nal,N[C@@H](Cc1ccc2ccccc2c1)C(=O)O,CN[C@H](C=O)Cc1ccc2ccccc2c1,L,False
1-Nal,N[C@@H](Cc1cccc2ccccc12)C(=O)O,CN[C@H](C=O)Cc1cccc2ccccc12,L,False
d1-Nal,N[C@H](Cc1cccc2ccccc12)C(=O)O,CN[C@@H](C=O)Cc1cccc2ccccc12,D,False
Nle,CCCC[C@H](N)C(=O)O,CCCC[C@@H](C=O)NC,L,False
Me_Nle,CCCC[C@H](NC)C(=O)O,CCCC[C@@H](C=O)N(C)C,L,True
Me_dNle,CCCC[C@@H](NC)C(=O)O,CCCC[C@H](C=O)N(C)C,D,True
Nle(CHF2),N[C@@H](CCCCC(F)F)C(=O)O,CN[C@H](C=O)CCCCC(F)F,L,False
Nle(OH),N[C@@H](CCCCO)C(=O)O,CN[C@H](C=O)CCCCO,L,False
Nva,CCC[C@H](N)C(=O)O,CCC[C@@H](C=O)NC,L,False
dNva,CCC[C@@H](N)C(=O)O,CCC[C@H](C=O)NC,D,False
Me_Nva,CCC[C@H](NC)C(=O)O,CCC[C@@H](C=O)N(C)C,L,True
Me_dNva,CCC[C@@H](NC)C(=O)O,CCC[C@H](C=O)N(C)C,D,True
Nva(Ph),N[C@@H](CCCc1ccccc1)C(=O)O,CN[C@H](C=O)CCCc1ccccc1,L,False
Orn,NCCC[C@H](N)C(=O)O,CNCCC[C@@H](C=O)NC,L,False
P,O=C(O)[C@@H]1CCCN1,CN1CCC[C@H]1C=O,L,False
dP,O=C(O)[C@H]1CCCN1,CN1CCC[C@@H]1C=O,D,False
3Pal,N[C@@H](Cc1cccnc1)C(=O)O,CN[C@H](C=O)Cc1cccnc1,L,False
4Pal,N[C@@H](Cc1ccncc1)C(=O)O,CN[C@H](C=O)Cc1ccncc1,L,False
Phg,N[C@H](C(=O)O)c1ccccc1,CN[C@H](C=O)c1ccccc1,L,False
Pip,O=C(O)[C@@H]1CCCCN1,CN1CCCC[C@H]1C=O,L,False
dPip,O=C(O)[C@H]1CCCCN1,CN1CCCC[C@@H]1C=O,D,False
Pye,N[C@@H](CCC(=O)N1CCCC1)C(=O)O,CN[C@H](C=O)CCC(=O)N1CCCC1,L,False
dPye,N[C@H](CCC(=O)N1CCCC1)C(=O)O,CN[C@@H](C=O)CCC(=O)N1CCCC1,D,False
Q,NC(=O)CC[C@H](N)C(=O)O,CN[C@H](C=O)CCC(N)=O,L,False
meQ,CN[C@@H](CCC(N)=O)C(=O)O,CN(C)[C@H](C=O)CCC(N)=O,L,True
Gln(Me),CNC(=O)CC[C@H](N)C(=O)O,CNC(=O)CC[C@@H](C=O)NC,L,True
Gln(Me2),CN(C)C(=O)CC[C@H](N)C(=O)O,CN[C@H](C=O)CCC(=O)N(C)C,L,True
dGln(Me2),CN(C)C(=O)CC[C@@H](N)C(=O)O,CN[C@@H](C=O)CCC(=O)N(C)C,D,True
Gln(Mes),CS(=O)(=O)NC(=O)CC[C@H](N)C(=O)O,CN[C@H](C=O)CCC(=O)NS(C)(=O)=O,L,True
R,N=C(N)NCCC[C@H](N)C(=O)O,CN[C@H](C=O)CCCNC(=N)N,L,False
dR,N=C(N)NCCC[C@@H](N)C(=O)O,CN[C@@H](C=O)CCCNC(=N)N,D,False
S,N[C@@H](CO)C(=O)O,CN[C@H](C=O)CO,L,False
dS,N[C@H](CO)C(=O)O,CN[C@@H](C=O)CO,D,False
meS,CN[C@@H](CO)C(=O)O,CN(C)[C@H](C=O)CO,L,True
Ser(Ac),CC(=O)OC[C@H](N)C(=O)O,CN[C@H](C=O)COC(C)=O,L,False
Ser(Bn),N[C@@H](COCc1ccccc1)C(=O)O,CN[C@H](C=O)COCc1ccccc1,L,False
Ser(EtNMe2),CN(C)CCOC[C@H](N)C(=O)O,CN[C@H](C=O)COCCN(C)C,L,True
Ser(EtOH),N[C@@H](COCCO)C(=O)O,CN[C@H](C=O)COCCO,L,False
Ser(isoamyl),CC(C)CCOC[C@H](N)C(=O)O,CN[C@H](C=O)COCCC(C)C,L,False
Ser(Me),COC[C@H](N)C(=O)O,CN[C@H](C=O)COC,L,True
dSer(Me),COC[C@@H](N)C(=O)O,CN[C@@H](C=O)COC,D,True
Ser(Ph(2-Cl)),N[C@@H](COc1ccccc1Cl)C(=O)O,CN[C@H](C=O)COc1ccccc1Cl,L,False
Ser(Ph(3-Cl)),N[C@@H](COc1cccc(Cl)c1)C(=O)O,CN[C@H](C=O)COc1cccc(Cl)c1,L,False
Ser(Pr),CCCOC[C@H](N)C(=O)O,CCCOC[C@@H](C=O)NC,L,False
Ser(tBu),CC(C)(C)OC[C@H](N)C(=O)O,CN[C@H](C=O)COC(C)(C)C,L,False
Me_Ser(isoamyl),CN[C@@H](COCCC(C)C)C(=O)O,CC(C)CCOC[C@@H](C=O)N(C)C,L,True
Me_Ser(Pr),CCCOC[C@H](NC)C(=O)O,CCCOC[C@@H](C=O)N(C)C,L,True
Sar,CNCC(=O)O,CN(C)CC=O,L,False
Sta,CC(C)C[C@H](N)[C@@H](O)CC(=O)O,CN[C@@H](CC(C)C)[C@@H](O)CC=O,L,False
"Sta(3R,4R)",CC(C)C[C@@H](N)[C@H](O)CC(=O)O,CN[C@H](CC(C)C)[C@H](O)CC=O,L,False
T,C[C@@H](O)[C@H](N)C(=O)O,CN[C@H](C=O)[C@@H](C)OC,L,False
dT,C[C@H](O)[C@@H](N)C(=O)O,CN[C@@H](C=O)[C@H](C)O,D,False
meT,CN[C@H](C(=O)O)[C@@H](C)O,C[C@@H](O)[C@@H](C=O)N(C)C,L,True
Me_Bmt(E),C/C=C/C[C@@H](C)[C@@H](O)[C@H](NC)C(=O)O,C/C=C/C[C@@H](C)[C@@H](OC)[C@@H](C=O)N(C)C,L,True
Tle,CC(C)(C)[C@H](N)C(=O)O,CN[C@H](C=O)C(C)(C)C,L,False
Tza,N[C@@H](Cc1cscn1)C(=O)O,CN[C@H](C=O)Cc1cscn1,L,False
Me_Tza,CN[C@@H](Cc1cscn1)C(=O)O,CN(C)[C@H](C=O)Cc1cscn1,L,True
V,CC(C)[C@H](N)C(=O)O,CN[C@H](C=O)C(C)C,L,False
dV,CC(C)[C@@H](N)C(=O)O,CN[C@@H](C=O)C(C)C,D,False
meV,CN[C@H](C(=O)O)C(C)C,CC(C)[C@@H](C=O)N(C)C,L,True
Me_dV,CN[C@@H](C(=O)O)C(C)C,CC(C)[C@H](C=O)N(C)C,D,True
(N->O)Val,CC(C)[C@H](O)C(=O)O,CO[C@H](C=O)C(C)C,L,False
d(N->O)Val,CC(C)[C@@H](O)C(=O)O,CO[C@@H](C=O)C(C)C,D,False
(N->O)Val(3-OH),CC(C)(O)[C@H](O)C(=O)O,CO[C@H](C=O)C(C)(C)O,L,False
W,N[C@@H](Cc1c[nH]c2ccccc12)C(=O)O,CN[C@H](C=O)Cc1c[nH]c2ccccc12,L,False
meW,CN[C@@H](Cc1c[nH]c2ccccc12)C(=O)O,CN(C)[C@H](C=O)Cc1c[nH]c2ccccc12,L,True
Me_dW,CN[C@H](Cc1c[nH]c2ccccc12)C(=O)O,CN(C)[C@@H](C=O)Cc1c[nH]c2ccccc12,D,True
Trp(5-Br),N[C@@H](Cc1c[nH]c2ccc(Br)cc12)C(=O)O,CN[C@H](C=O)Cc1c[nH]c2ccc(Br)cc12,L,False
Trp(6-Br),N[C@@H](Cc1c[nH]c2cc(Br)ccc12)C(=O)O,CN[C@H](C=O)Cc1c[nH]c2cc(Br)ccc12,L,False
Trp(7-Br),N[C@@H](Cc1c[nH]c2c(Br)cccc12)C(=O)O,CN[C@H](C=O)Cc1c[nH]c2c(Br)cccc12,L,False
Y,N[C@@H](Cc1ccc(O)cc1)C(=O)O,CN[C@H](C=O)Cc1ccc(O)cc1,L,False
dY,N[C@H](Cc1ccc(O)cc1)C(=O)O,CN[C@@H](C=O)Cc1ccc(O)cc1,D,False
meY,CN[C@@H](Cc1ccc(O)cc1)C(=O)O,CN(C)[C@H](C=O)Cc1ccc(O)cc1,L,True
Me_dY,CN[C@H](Cc1ccc(O)cc1)C(=O)O,CN(C)[C@@H](C=O)Cc1ccc(O)cc1,D,True
Tyr(3-F),N[C@@H](Cc1ccc(O)c(F)c1)C(=O)O,CN[C@H](C=O)Cc1ccc(O)c(F)c1,L,False
Tyr(CHF2),N[C@@H](Cc1ccc(OC(F)F)cc1)C(=O)O,CN[C@H](C=O)Cc1ccc(OC(F)F)cc1,L,False
Tyr(Me),COc1ccc(C[C@H](N)C(=O)O)cc1,CN[C@H](C=O)Cc1ccc(OC)cc1,L,True
Me_Tyr(Me),CN[C@@H](Cc1ccc(OC)cc1)C(=O)O,COc1ccc(C[C@@H](C=O)N(C)C)cc1,L,True
dTyr(bR-OMe),CO[C@H](c1ccc(O)cc1)[C@@H](N)C(=O)O,CN[C@@H](C=O)[C@H](OC)c1ccc(O)cc1,D,True
(N->O)Tyr,O=C(O)[C@@H](O)Cc1ccc(O)cc1,CO[C@H](C=O)Cc1ccc(O)cc1,L,False
Mono1,O=C(O)CNCc1ccc2c(c1)OCO2,CN(CC=O)Cc1ccc2c(c1)OCO2,L,False
Mono2,C[C@H]1CCN[C@@H]1C(=O)O,C[C@H]1CCN(C)[C@@H]1C=O,L,False
Mono3,CN[C@@H](CCN1CCCCC1)C(=O)O,CN(C)[C@H](C=O)CCN1CCCCC1,L,False
Mono4,CN[C@@H](CC(=O)N1CCCCC1)C(=O)O,CN(C)[C@H](C=O)CC(=O)N1CCCCC1,L,False
Mono5,CN[C@@H](CC(=O)N1CCOCC1)C(=O)O,CN(C)[C@H](C=O)CC(=O)N1CCOCC1,L,False
Mono6,CNCCCC(=O)O,CN(C)CCCC=O,L,False
Mono7,C[C@H](N)CC(=O)O,CN[C@@H](C)CC=O,L,False
Mono8,N[C@@H](CC(=O)O)C(F)(F)F,CN[C@@H](CC=O)C(F)(F)F,L,False
Mono9,C=C(CCC(=O)O)c1ccc(C[C@H](N)C(=O)O)cc1,,L,False
Mono10,C=C(CCC(=O)O)c1cccc(C[C@H](N)C(=O)O)c1,,L,False
Mono11,N[C@@H](Cc1ccc(CCCCCC(=O)O)cc1)C(=O)O,,L,False
Mono12,N[C@@H](Cc1cccc(CCCCC(=O)O)c1)C(=O)O,,L,False
Mono13,C[C@H](N)[C@@H](C(=O)NC(C)(C)C)N1CCC[C@H]1C(=O)O,CN[C@@H](C)[C@@H](C(=O)NC(C)(C)C)N1CCC[C@H]1C=O,L,False
Mono14,CC[C@@H](C)[C@H](N)c1nc(C(=O)O)cs1,CC[C@@H](C)[C@H](NC)c1nc(C=O)cs1,L,False
Mono15,C/C=C/C[C@@H](C)[C@@H](OC(C)=O)[C@H](NC)C(=O)O,C/C=C/C[C@@H](C)[C@@H](OC(C)=O)[C@@H](C=O)N(C)C,L,False
Mono16,O=C(O)[C@H](O)CC(O)CCl,CO[C@@H](C=O)CC(O)CCl,L,False
Mono17,C[C@@H](N)c1nc(C(=O)O)cs1,CN[C@H](C)c1nc(C=O)cs1,L,False
Mono18,CC[C@H](C)[C@H](N)C1=N[C@H](C(=O)O)[C@@H](C)O1,CC[C@H](C)[C@H](NC)C1=N[C@H](C=O)[C@@H](C)O1,L,False
Mono19,N[C@H](Cc1ccccc1)c1nc(C(=O)O)cs1,CN[C@H](Cc1ccccc1)c1nc(C=O)cs1,L,False
Mono20,CC(C)[C@H](N)C1=N[C@H](C(=O)O)[C@@H](C)O1,CN[C@H](C1=N[C@H](C=O)[C@@H](C)O1)C(C)C,L,False
Mono23,C[C@@H](N)[C@H](N)C(=O)O,,L,False
Mono24,C[C@H]([C@H](N)C(=O)O)[C@@H](C)C(N)=O,,L,False
Mono25,O=C(O)[C@@H]1C[C@@H](Cl)CCN1,CN1CC[C@H](Cl)C[C@H]1C=O,L,False
Mono26,CC[C@H](C)[C@@H](N)[C@@H](O)CC(=O)O,CC[C@H](C)[C@@H](NC)[C@@H](O)CC=O,L,False
Mono27,CC(C)[C@H](O)C(=O)[C@H](C)C(=O)O,CO[C@H](C(=O)[C@H](C)C=O)C(C)C,L,False
Mono28,C/C(=C\[C@@H](N)CC(C)C)C(=O)O,CN[C@H](/C=C(\C)C=O)CC(C)C,L,False
Mono29,C/C(=C\[C@H](N)CC(C)C)C(=O)O,CN[C@@H](/C=C(\C)C=O)CC(C)C,L,False
Mono30,CC(C)C[C@H](N)c1nc(C(=O)O)cs1,CN[C@@H](CC(C)C)c1nc(C=O)cs1,L,False
Mono31,CC(C)[C@H](N)c1nc(C(=O)O)cs1,CN[C@H](c1nc(C=O)cs1)C(C)C,L,False
Mono32,O=C(O)CNCc1cccc(C(F)(F)F)c1,CN(CC=O)Cc1cccc(C(F)(F)F)c1,L,False
Mono33,O=C(O)CNCN1CCOCC1,CN(CC=O)CN1CCOCC1,L,False
Mono34,CC(C)OCCCNCC(=O)O,CC(C)OCCCN(C)CC=O,L,False
Mono35,CC[C@H](c1nnc([C@@H](N)Cc2ccccc2)o1)N1CCC[C@H]1C(=O)O,CC[C@H](c1nnc([C@H](Cc2ccccc2)NC)o1)N1CCC[C@H]1C=O,L,False
Mono36,N[C@@H](Cc1ccccc1)c1nnc([C@@H](Cc2ccccc2)N2CCC[C@H]2C(=O)O)o1,CN[C@@H](Cc1ccccc1)c1nnc([C@@H](Cc2ccccc2)N2CCC[C@H]2C=O)o1,L,False
Mono37,CC(C)C[C@H](c1nnc([C@@H](N)Cc2ccccc2)o1)N1CCC[C@H]1C(=O)O,CN[C@@H](Cc1ccccc1)c1nnc([C@@H](CC(C)C)N2CCC[C@H]2C=O)o1,L,False
Mono38,O=C(O)CNCC1CCOCC1,CN(CC=O)CC1CCOCC1,L,False
Mono39,O=C(O)CNCCOc1ccccc1,CN(CC=O)CCOc1ccccc1,L,False
Mono40,Cn1cc(CCCNCC(=O)O)cn1,CN(CC=O)CCCc1cnn(C)c1,L,False
Mono41,O=C(O)CNCCCN1CCCC1=O,CN(CC=O)CCCN1CCCC1=O,L,False
Mono42,O=C(O)CNCCN1CCOCC1,CN(CC=O)CCN1CCOCC1,L,False
Mono43,O=C(O)CNCCCCc1ccccc1,CN(CC=O)CCCCc1ccccc1,L,False
Mono44,CC(C)Cc1cc(CNCC(=O)O)no1,CC(C)Cc1cc(CN(C)CC=O)no1,L,False
Mono45,O=C(O)CNCc1ccccc1Cn1cccn1,CN(CC=O)Cc1ccccc1Cn1cccn1,L,False
Mono46,CC(C)(C)NC(=O)[C@H]([C@@H](N)CSc1ccccc1)N1CCC[C@H]1C(=O)O,CN[C@@H](CSc1ccccc1)[C@@H](C(=O)NC(C)(C)C)N1CCC[C@H]1C=O,L,False
Mono47,CC(C)(C)NC(=O)[C@H]([C@@H]1CN1)N1CCC[C@H]1C(=O)O,CN1C[C@H]1[C@@H](C(=O)NC(C)(C)C)N1CCC[C@H]1C=O,L,False
Mono48,O=C(O)CNCCCc1ccc(F)cc1F,CN(CC=O)CCCc1ccc(F)cc1F,L,False
Mono49,N[C@@H](COCc1cncc(F)c1)C(=O)O,CN[C@H](C=O)COCc1cncc(F)c1,L,False
Mono50,N[C@@H](COCC(F)(F)C(F)F)C(=O)O,CN[C@H](C=O)COCC(F)(F)C(F)F,L,False
Mono51,CN[C@@H](CCC1CCCC(F)(F)C1)C(=O)O,CN(C)[C@H](C=O)CCC1CCCC(F)(F)C1,L,False
Mono52,CN[C@@H](CCC1CCC(F)(F)CC1)C(=O)O,CN(C)[C@H](C=O)CCC1CCC(F)(F)CC1,L,False
Mono53,CN(C)c1ccc(C[C@H](N)C(=O)O)cn1,CN[C@H](C=O)Cc1ccc(N(C)C)nc1,L,False
Mono54,C[C@H](O)COC[C@H](N)C(=O)O,CN[C@H](C=O)COC[C@H](C)O,L,False
Mono55,CC(C)(O)COC[C@H](N)C(=O)O,CN[C@H](C=O)COCC(C)(C)O,L,False
Mono56,CC(C)(O)CCOC[C@H](N)C(=O)O,CN[C@H](C=O)COCCC(C)(C)O,L,False
Mono57,CC(C)(C)NC(=O)COC[C@H](N)C(=O)O,CN[C@H](C=O)COCC(=O)NC(C)(C)C,L,False
Mono58,O=C(O)CNCCN1CCC(F)(F)CC1,CN(CC=O)CCN1CCC(F)(F)CC1,L,False
Mono59,O=C(O)[C@@H]1C[C@@H](N2CCC(F)(F)CC2)CN1,CN1C[C@H](N2CCC(F)(F)CC2)C[C@H]1C=O,L,False
Mono60,O=C(O)[C@@H]1C[C@H](N2CCC(F)(F)CC2)CN1,CN1C[C@@H](N2CCC(F)(F)CC2)C[C@H]1C=O,L,False
Mono61,CCCC[C@@H](O)[C@H](N)C(=O)O,CCCC[C@@H](O)[C@@H](C=O)NC,L,False
Mono62,N[C@@H](COCCN1CCOCC1)C(=O)O,CN[C@H](C=O)COCCN1CCOCC1,L,False
Mono63,N[C@@H](CCc1noc(=O)[nH]1)C(=O)O,CN[C@H](C=O)CCc1noc(=O)[nH]1,L,False
Mono64,C[C@@H](O)COC[C@H](N)C(=O)O,CN[C@H](C=O)COC[C@@H](C)O,L,False
Mono65,N[C@@H](CCCC(O)C(F)(F)F)C(=O)O,CN[C@H](C=O)CCCC(O)C(F)(F)F,L,False
Mono66,N[C@@H](COCC(O)C(F)(F)F)C(=O)O,CN[C@H](C=O)COCC(O)C(F)(F)F,L,False
Mono67,CCC[C@H](C)[C@@H](O)[C@@H](C)[C@@H](O)C/C=C(\C)C(=O)O,CCC[C@H](C)[C@@H](OC)[C@@H](C)[C@@H](O)C/C=C(\C)C=O,L,False
Mono68,CCC[C@H](C)[C@@H](O)[C@@H](C)[C@H](C/C=C(\C)C(=O)O)OC,,L,False
Mono69,CCC[C@H](C)[C@@H](OC)[C@@H](C)[C@@H](O)C/C=C(\C)C(=O)O,CCC[C@H](C)[C@@H](OC)[C@@H](C)[C@H](C/C=C(\C)C=O)OC,L,False
Mono70,C/C=C/C[C@@H](C)C(=O)[C@H](NC)C(=O)O,C/C=C/C[C@@H](C)C(=O)[C@@H](C=O)N(C)C,L,False
Mono71,CCOC(=O)n1cnc(C[C@H](N)C(=O)O)c1,CCOC(=O)n1cnc(C[C@@H](C=O)NC)c1,L,False
Mono72,CCOC(=O)N(C(=O)CC[C@H](N)C(=O)O)C(=O)OCC,CCOC(=O)N(C(=O)CC[C@@H](C=O)NC)C(=O)OCC,L,False
Mono73,CCOC(=O)N(C(=O)C[C@H](N)C(=O)O)C(=O)OCC,CCOC(=O)N(C(=O)C[C@@H](C=O)NC)C(=O)OCC,L,False
Mono74,CCOC(=O)/N=C(/NCCC[C@H](N)C(=O)O)NC(=O)OCC,CCOC(=O)/N=C(/NCCC[C@@H](C=O)NC)NC(=O)OCC,L,False
Mono75,NCCCN[C@@H](Cc1ccccc1)C(=O)O,CNCCCN[C@H](C=O)Cc1ccccc1,L,False
Mono76,NCCCCN[C@@H](Cc1ccccc1)C(=O)O,CNCCCCN[C@H](C=O)Cc1ccccc1,L,False
Mono77,NCCCCCN[C@@H](Cc1ccccc1)C(=O)O,CNCCCCCN[C@H](C=O)Cc1ccccc1,L,False
Mono78,NCCCCCCN[C@@H](Cc1ccccc1)C(=O)O,CNCCCCCCN[C@H](C=O)Cc1ccccc1,L,False
Mono79,NCCCCCCCN[C@@H](Cc1ccccc1)C(=O)O,CNCCCCCCCN[C@H](C=O)Cc1ccccc1,L,False
Mono80,NCCCCCCCCN[C@@H](Cc1ccccc1)C(=O)O,CNCCCCCCCCN[C@H](C=O)Cc1ccccc1,L,False
Mono81,NCCCCCCCCCN[C@@H](Cc1ccccc1)C(=O)O,CNCCCCCCCCCN[C@H](C=O)Cc1ccccc1,L,False
Mono82,NCCCCCCCCCCN[C@@H](Cc1ccccc1)C(=O)O,CNCCCCCCCCCCN[C@H](C=O)Cc1ccccc1,L,False
Mono83,NCCCCCCNCC(=O)O,CNCCCCCCNCC=O,L,False
Mono84,C[C@H](NCCCCCCN)C(=O)O,CNCCCCCCN[C@@H](C)C=O,L,False
Mono85,C[C@@H](NCCCCCCN)C(=O)O,CNCCCCCCN[C@H](C)C=O,L,False
Mono86,CC(C)C[C@H](NCCCCCCN)C(=O)O,CNCCCCCCN[C@H](C=O)CC(C)C,L,False
Mono87,NCCCCCCN[C@H](Cc1ccccc1)C(=O)O,CNCCCCCCN[C@@H](C=O)Cc1ccccc1,L,False
Mono88,CN(CCCCCCN)[C@@H](Cc1ccccc1)C(=O)O,CNCCCCCCN(C)[C@H](C=O)Cc1ccccc1,L,False
Mono89,NCCCCCCN(CC(=O)O)Cc1ccccc1,CNCCCCCCN(CC=O)Cc1ccccc1,L,False
Mono90,CNCCCCCCN[C@@H](Cc1ccccc1)C(=O)O,CN(C)CCCCCCN[C@H](C=O)Cc1ccccc1,L,False
Mono91,CC(=O)N(CCCCCCN)[C@@H](Cc1ccccc1)C(=O)O,CNCCCCCCN(C(C)=O)[C@H](C=O)Cc1ccccc1,L,False
Mono92,C[C@H](CCCN)C(=O)O,CNCCC[C@@H](C)C=O,L,False
Mono93,C[C@@H](CCCN)C(=O)O,CNCCC[C@H](C)C=O,L,False
Mono94,C[C@H](CCN)CC(=O)O,CNCC[C@@H](C)CC=O,L,False
Mono95,C[C@@H](CCN)CC(=O)O,CNCC[C@H](C)CC=O,L,False
Mono96,C[C@@H](CN)CCC(=O)O,CNC[C@H](C)CCC=O,L,False
Mono97,C[C@H](CN)CCC(=O)O,CNC[C@@H](C)CCC=O,L,False
Mono98,C[C@@H](N)CCCC(=O)O,CN[C@H](C)CCCC=O,L,False
Mono99,C[C@H](N)CCCC(=O)O,CN[C@@H](C)CCCC=O,L,False
Mono100,CNC(=O)[C@@H](N)CSCC(=O)O,CNC(=O)[C@H](CSCC=O)NC,L,False
Mono101,CNC(=O)[C@H](CSCC(=O)O)NC,CNC(=O)[C@H](CSCC=O)N(C)C,L,False
Mono102,O=C(O)c1csc([C@@H]2CCCN2)n1,CN1CCC[C@H]1c1nc(C=O)cs1,L,False
Mono103,CC[C@H](c1nnc([C@@H](N)Cc2ccccc2)o1)N1CCC[C@H]1c1nc(C(=O)O)cs1,CC[C@H](c1nnc([C@H](Cc2ccccc2)NC)o1)N1CCC[C@H]1c1nc(C=O)cs1,L,False
Mono104,CC(C)C[C@H](N)c1nc(C(=O)O)co1,CN[C@@H](CC(C)C)c1nc(C=O)co1,L,False
Mono105,CC[C@H](c1nnc([C@@H](N)Cc2ccc(O)cc2)o1)N1CCC[C@H]1c1nc(C(=O)O)cs1,CC[C@H](c1nnc([C@H](Cc2ccc(O)cc2)NC)o1)N1CCC[C@H]1c1nc(C=O)cs1,L,False
Mono106,N[C@@H](Cc1ccccc1)c1nc(C(=O)O)co1,CN[C@@H](Cc1ccccc1)c1nc(C=O)co1,L,False
Mono107,CC[C@@H](N[C@H](c1nc(C(=O)O)cs1)C(C)C)c1nnc([C@@H](N)Cc2ccccc2)o1,CC[C@@H](N[C@H](c1nc(C=O)cs1)C(C)C)c1nnc([C@H](Cc2ccccc2)NC)o1,L,False
Mono108,NC(=O)[C@@H](N)Cc1csc(C2=N[C@H](C(=O)O)CS2)c1,CN[C@@H](Cc1csc(C2=N[C@H](C=O)CS2)c1)C(N)=O,L,False
Mono109,NC(=O)[C@@H](N)Cc1cc(C2=N[C@H](C(=O)O)CS2)cs1,CN[C@@H](Cc1cc(C2=N[C@H](C=O)CS2)cs1)C(N)=O,L,False
Mono110,NC(=O)[C@@H](N)Cc1cccc(C2=N[C@H](C(=O)O)CS2)c1,CN[C@@H](Cc1cccc(C2=N[C@H](C=O)CS2)c1)C(N)=O,L,False
Mono111,NC(=O)[C@@H](N)Cc1cncc(C2=N[C@H](C(=O)O)CS2)c1,CN[C@@H](Cc1cncc(C2=N[C@H](C=O)CS2)c1)C(N)=O,L,False
Mono112,NC(=O)[C@@H](N)CC1=N[C@H](C(=O)O)CS1,CN[C@@H](CC1=N[C@H](C=O)CS1)C(N)=O,L,False
ac-,CC(=O)O,,L,False
deca-,CCCCCCCCCC(=O)O,,D,False
glyco-,O=C(O)CO,,L,False
medl-,CN[C@H](CC(C)C)C(=O)O,CN[C@@H](C=O)CC(C)C,D,True
-pip,C1CCNCC1,,L,False
Mono21-,O=C/C=C/C=C/C(=O)O,,L,False
Mono22-,CCC(C)/C=C(C)/C=C\C(O)C(C)(O)C(=O)O,,L,False                                                                                                                                   